name,price
Диван прямой Сваут Velvet Beige,10000
Диван прямой Сваут Velvet Terra,10000
Диван прямой Сваут Velvet Grey,10000
Диван прямой Сваут Velvet Mustard,10000
Диван прямой Сваут Velvet Ocean,10000
Диван прямой Сваут Velvet Emerald,10000
Диван прямой Сваут Velvet Ink,10000
Диван прямой Маре Мини Velvet Yellow,4999
Диван прямой Маре Мини Velvet Silver,4999
Диван прямой Маре Мини Velvet Pink,4999
Диван прямой Маре Мини Velvet Grafit,4999
Диван прямой Маре Мини Velvet Emerald,4999
Диван прямой Маре Мини Velvet Beige,4999
Диван прямой Маре Мини Velvet Ginger,4999
Диван прямой Клаймар Velvet Beige,10000
Диван прямой Клаймар Velvet Grey,10000
Диван прямой Клаймар Velvet Blue,10000
Диван прямой Клаймар Velvet Smoke,10000
Диван прямой Клаймар Velvet Terra,10000
Диван прямой Клаймар Velvet Stone,10000
Диван прямой Клаймар Velvet Olive,10000
Диван прямой Нумо Velvet Yellow,5000
Диван прямой Нумо Velvet Grey,5000
Диван прямой Нумо Velvet Latte,5000
Диван прямой Нумо Velvet Light,5000
Диван прямой Нумо Velvet Pink,5000
Диван прямой Нумо Velvet Grafit,5000
Диван прямой Нумо Velvet Green,5000
Диван прямой Аронт Мини Velvet Light,9499
Диван прямой Аронт Мини Velvet Olive,9499
Диван прямой Аронт Мини Velvet Terra,9499
Диван прямой Аронт Мини Velvet Pink,9499
Диван прямой Аронт Мини Velvet Smoke,9499
Диван прямой Аронт Мини Velvet Yellow,9499
Диван прямой Аронт Мини Velvet Grey,9499
Диван прямой Нумо Мини Textile Silver,5000
Диван прямой Нумо Мини Textile Sky,5000
Диван прямой Нумо Мини Textile Light,5000
Диван прямой Нумо Мини Textile Grafit,5000
Диван прямой Нумо Мини Textile Yellow,5000
Диван прямой Нумо Мини Textile Navy Blue,5000
Диван прямой Лилт Bucle Lilac,10000
Диван прямой Лилт Barhat Terra,10000
Диван прямой Лилт Bucle White,10000
Диван прямой Лилт Barhat Night,10000
Диван прямой Лилт Bucle Silver,10000
Диван прямой Лилт Barhat Olive,10000
Диван прямой Лилт Bucle Beige,13832
Диван прямой Спейс Velvet Olive,10000
Диван прямой Спейс Velvet Beige,10000
Диван прямой Спейс Velvet Terra,10000
Диван прямой Спейс Velvet Grey,10000
Диван прямой Спейс Soft Grey,10000
Диван прямой Спейс Soft Navy Blue,10000
Диван прямой Спейс Soft Light,10000
Диван прямой Льери Мини Velvet Emerald,10000
Диван прямой Льери Мини Velvet Atlantic,10000
Диван прямой Льери Мини Velvet Light,10000
Диван прямой Льери Мини Velvet Coral,10000
Диван прямой Льери Мини Velvet Grey,10000
Диван прямой Льери Мини Bucle White,10000
Диван прямой Льери Мини Velvet Yellow,10000
Диван прямой Онте Bucle Mint,16499
Диван прямой Онте Bucle Silver,16499
Диван прямой Онте Bucle Eclipce,16499
Диван прямой Онте Bucle White,16499
Диван прямой Онте Textile Night,19999
Диван прямой Онте Textile Grey,19999
Диван прямой Онте Textile Grafit,19999
